nhom,ten_nhom,stt,don_vi,can_cu,trang_thai
1,THÉP XÂY DỰNG,1.1,Công ty TNHH MTV Thép Miền Nam – VNSTEEL,Theo Công văn số 362/TMN-KD ngày 29 tháng 4 năm 2026 của Công ty TNHH Một thành viên Thép Miền Nam – VNSteel.,Chưa trích giá (phụ lục là bản scan)
1,THÉP XÂY DỰNG,1.2,Công ty TNHH Thép Vina Kyoei,Theo Công văn số 04.26/VKS-KKG ngày 03 tháng 4 năm 2026 của Công ty TNHH Thép Vina Kyoei.,Chưa trích giá (phụ lục là bản scan)
2,XI MĂNG,2.1,Chi nhánh Công ty Cổ phần Xi măng Thăng Long,Theo Công văn số 30/2025/CV-CNTL-TT ngày 24 tháng 12 năm 2025 của Chi nhánh Công ty Cổ phần Xi măng Thăng Long.,Chưa trích giá (phụ lục là bản scan)
2,XI MĂNG,2.3,Chi nhánh phía Nam Công ty Cổ phần xi măng Cẩm Phả,Theo Công văn số 55/CV-CNPN ngày 01 tháng 6 năm 2026 của Chi nhánh phía Nam Công ty Cổ phần xi măng Cẩm Phả.,Chưa trích giá (phụ lục là bản scan)
2,XI MĂNG,2.4,Công ty TNHH Kinh doanh Tiếp thị Xi măng Fico - YTL,Theo Công văn số 133 ngày 21 tháng 4 năm 2026 của Công ty TNHH Kinh doanh Tiếp thị Xi măng Fico - YTL.,Chưa trích giá (phụ lục là bản scan)
2,XI MĂNG,2.5,Công ty TNHH MTV Xi măng Hạ Long,Theo Công văn số 0433/TB-VCHL-KDTT ngày 13 tháng 3 năm 2026 của Công ty TNHH MTV Xi măng Hạ Long.,Chưa trích giá (phụ lục là bản scan)
2,XI MĂNG,2.6,Công ty Cổ phần Phát triển Sài Gòn,Theo Công văn số 31/CV/SDC/CBG-SXD ngày 01 tháng 4 năm 2026 của Công ty Cổ phần Phát triển Sài Gòn.,Chưa trích giá (phụ lục là bản scan)
3,VỮA,,(Không có đơn vị tham gia công bố giá),,
4,"DÂY, CÁP ĐIỆN",4.1,Công ty CP Dây Cáp điện Việt Nam (CADIVI),Theo Công văn số 6661/CV-K.KD ngày 06 tháng 8 năm 2025 của Công ty CP Dây Cáp điện Việt Nam (CADIVI).,Chưa trích giá (phụ lục là bản scan)
5,"ỐNG CỐNG, CỌC BÊ TÔNG",5.1,Công ty TNHH Xây dựng Công trình Hùng Vương,Theo Công văn số 33A CVHV.26 ngày 01 tháng 6 năm 2026 của Công ty TNHH Xây dựng Công trình Hùng Vương.,Chưa trích giá (phụ lục là bản scan)
6,VẬT LIỆU LỢP,6.1,Công ty TNHH Tôn Pomina,Theo Công văn số 166/2025-PMN ngày 17 tháng 12 năm 2025 của Công ty TNHH Tôn Pomina.,Chưa trích giá (phụ lục là bản scan)
7,GẠCH KHÔNG NUNG,7.1,Công ty Cổ phần Vật liệu xanh Đại Dũng,Theo Công văn số Q1.2026/CBG-SXD ngày 02 tháng 01 năm 2026 và số Q2-3.2026/CBG-SXD năm 2026 của Công ty Cổ phần Vật liệu xanh Đại Dũng.,Chưa trích giá (phụ lục là bản scan)
7,GẠCH KHÔNG NUNG,7.2,Công ty Cổ phần Tư vấn Thiết kế - Xây dựng Lê Hùng,Theo Công văn số 01/CBG/2026 ngày 28 tháng 01 năm 2026 của Công ty Cổ phần Tư vấn Thiết kế - Xây dựng Lê Hùng.,Chưa trích giá (phụ lục là bản scan)
7,GẠCH KHÔNG NUNG,7.3,Công ty Cổ phần Vật liệu và Xây dựng Bình Dương,Theo Công văn số 53/MC-BCA ngày 12 tháng 3 năm 2026 của Công ty Cổ phần Vật liệu và Xây dựng Bình Dương.,Chưa trích giá (phụ lục là bản scan)
8,VẬT LIỆU ỐP LÁT,8.1,Công ty Cổ phần Thạch Bàn Sài Gòn,Theo Công văn số 01.26/DNCBG-TPHCM-TBSG ngày 01 tháng 01 năm 2026 của Công ty Cổ phần Thạch Bàn Sài Gòn.,Chưa trích giá (phụ lục là bản scan)
8,VẬT LIỆU ỐP LÁT,8.2,Công ty TNHH Sơn Thạch,Theo Công văn số 01/CVST ngày 01 tháng 01 năm 2026 của Công ty TNHH Sơn Thạch.,Chưa trích giá (phụ lục là bản scan)
8,VẬT LIỆU ỐP LÁT,8.3,Công ty TNHH Một thành viên Thương mại Đồng Tâm,Theo Công văn số 50/2026/CV-KD/TMĐT ngày 09 tháng 3 năm 2026 của Công ty TNHH MTV Thương mại Đồng Tâm.,Chưa trích giá (phụ lục là bản scan)
9,ĐÁ,9.1,Công ty Cổ phần Tân Cang,Theo Công văn số 55/08/2024-TC ngày 23 tháng 8 năm 2024 của Công ty Cổ phần Tân Cang.,Chưa trích giá (phụ lục là bản scan)
10,CÁT,10.1,Công ty Cổ phần Tân Cang,Theo Công văn số 55/08/2024-TC ngày 23 tháng 8 năm 2024 của Công ty Cổ phần Tân Cang.,Chưa trích giá (phụ lục là bản scan)
11,COFFA,,(Không có đơn vị tham gia công bố giá),,
12,BÊ TÔNG NHỰA NÓNG,12.1,Công ty Cổ phần Công trình Giao thông Sài Gòn,Theo Công văn số 324/CTGTSG ngày 30 tháng 4 năm 2026 của Công ty Cổ phần Công trình Giao thông Sài Gòn.,Chưa trích giá (phụ lục là bản scan)
12,BÊ TÔNG NHỰA NÓNG,12.2,Công ty TNHH Bê tông nhựa nóng Anco,Theo Công văn số 0104/ANCO ngày 01 tháng 4 năm 2026 của Công ty TNHH Bê tông nhựa nóng Anco.,Chưa trích giá (phụ lục là bản scan)
13,NHỰA ĐƯỜNG NHŨ TƯƠNG,13.1,Công ty Cổ phần Công trình Giao thông Sài Gòn,Theo Công văn số 324/CTGTSG ngày 30 tháng 4 năm 2026 của Công ty Cổ phần Công trình Giao thông Sài Gòn.,Chưa trích giá (phụ lục là bản scan)
13,NHỰA ĐƯỜNG NHŨ TƯƠNG,13.2,Công ty TNHH Cung ứng Nhựa đường (ADCo),Theo Công văn số 841/ADCo-CBG ngày 01 tháng 6 năm 2026 của Công ty TNHH Cung ứng Nhựa đường (ADCo).,Chưa trích giá (phụ lục là bản scan)
14,BÊ TÔNG THƯƠNG PHẨM (bê tông trộn sẵn),14.1,Công ty Cổ phần Bê tông và Xây lắp Hodeco,Theo Công văn số 02/BTHODECO/03/2026 ngày 18 tháng 3 năm 2026 của Công ty Cổ phần Bê tông và Xây lắp Hodeco.,Chưa trích giá (phụ lục là bản scan)
15,TRỤ ĐÈN,,(Không có đơn vị tham gia công bố giá),,
16,VẢI ĐỊA KỸ THUẬT,16.1,Công ty Cổ phần Sản xuất Thương mại Liên Phát,Theo Công văn số 260301-05/CV-LP ngày 01 tháng 3 năm 2026 của Công ty Cổ phần Sản xuất Thương mại Liên Phát.,Chưa trích giá (phụ lục là bản scan)
17,RỌ ĐÁ,17.1,Công ty Cổ phần Sản xuất Thương mại Liên Phát,Theo Công văn số 260301-05/CV-LP ngày 01 tháng 3 năm 2026 của Công ty Cổ phần Sản xuất Thương mại Liên Phát.,Chưa trích giá (phụ lục là bản scan)
18,"SƠN, BỘT BẢ CÁC LOẠI",18.1,Công ty TNHH Thương mại Dịch vụ Xây dựng Hoàng Gia,Theo Công văn số 26025/CV-HG ngày 04 tháng 5 năm 2026 của Công ty TNHH Thương mại Dịch vụ Xây dựng Hoàng Gia.,Chưa trích giá (phụ lục là bản scan)
18,"SƠN, BỘT BẢ CÁC LOẠI",18.2,Công ty Cổ phần Sản xuất Sơn Hà Nội,Theo Công văn số 01.11/CV-2025 ngày 25 tháng 11 năm 2025 của Công ty Cổ phần Sản xuất Sơn Hà Nội.,Chưa trích giá (phụ lục là bản scan)
18,"SƠN, BỘT BẢ CÁC LOẠI",18.3,Công ty TNHH Nippon Paint (Việt Nam),Theo Công văn số 01/2026/NPV ngày 02 tháng 01 năm 2026 của Công ty TNHH Nippon Paint (Việt Nam).,Chưa trích giá (phụ lục là bản scan)
18,"SƠN, BỘT BẢ CÁC LOẠI",18.4,Công ty TNHH Sơn KOVA NANOPRO,Theo Công văn số 01-2026/CV-KN ngày 12 tháng 01 năm 2026 của Công ty TNHH Sơn KOVA NANOPRO.,Chưa trích giá (phụ lục là bản scan)
18,"SƠN, BỘT BẢ CÁC LOẠI",18.5,Công ty Cổ phần sơn và chất phủ Hòa Bình,Theo Công văn số 3103/2026/CV/SXD-HBP ngày 31 tháng 3 năm 2026 của Công ty Cổ phần sơn và chất phủ Hòa Bình.,Chưa trích giá (phụ lục là bản scan)
18,"SƠN, BỘT BẢ CÁC LOẠI",18.6,Công ty Cổ phần Sivico,Theo Công văn số 02/2026/SVC ngày 05 tháng 5 năm 2025 của Công ty Cổ phần Sivico.,Chưa trích giá (phụ lục là bản scan)
18,"SƠN, BỘT BẢ CÁC LOẠI",18.7,Công ty TNHH Sơn TOA Việt Nam,Theo Công văn số 04-1/2026 ngày 25 tháng 3 năm 2026 của Công ty TNHH Sơn TOA Việt Nam.,Chưa trích giá (phụ lục là bản scan)
18,"SƠN, BỘT BẢ CÁC LOẠI",18.8,Công ty TNHH Akzo Nobel Việt Nam,Theo Công văn số AN 24/26 ngày 01 tháng 5 năm 2026 của Công ty TNHH Akzo Nobel Việt Nam.,Chưa trích giá (phụ lục là bản scan)
18,"SƠN, BỘT BẢ CÁC LOẠI",18.9,Công ty TNHH Revolution Paint,Theo Công văn số ĐKG_01/2026 ngày 01 tháng 02 năm 2026 của Công ty TNHH Revolution Paint.,Chưa trích giá (phụ lục là bản scan)
18,"SƠN, BỘT BẢ CÁC LOẠI",18.10,Công ty TNHH Sơn Jotun Việt Nam,Theo Công văn số SLS/041/2026 ngày 01 tháng 3 năm 2026 của Công ty TNHH Sơn Jotun Việt Nam.,Chưa trích giá (phụ lục là bản scan)
19,TẤM THẠCH CAO,,(Không có đơn vị tham gia công bố giá),,
20,ỐNG NHỰA,20.1,Công ty Cổ phần Nhựa Châu Âu Xanh,Theo Công văn số 104/CV/Europipe-26 ngày 10 tháng 4 năm 2026 của Công ty Cổ phần Nhựa Châu Âu Xanh.,Chưa trích giá (phụ lục là bản scan)
20,ỐNG NHỰA,20.2,Công ty TNHH Nhựa Đạt Hòa,Theo Công văn số 123/CV/ĐH-26 ngày 12 tháng 5 năm 2026 của Công ty TNHH Nhựa Đạt Hòa.,Chưa trích giá (phụ lục là bản scan)
20,ỐNG NHỰA,20.3,Công ty Cổ phần Nhựa Thiếu Niên Tiền Phong Phía Nam,Theo Công văn số 03/CV/TPN-26 ngày 20 tháng 5 năm 2026 của Công ty Cổ phần Nhựa Thiếu Niên Tiền Phong Phía Nam.,Chưa trích giá (phụ lục là bản scan)
21,BÓNG ĐÈN VÀ PHỤ KIỆN ĐIỆN,21.1,Công ty TNHH Xây dựng Thương mại Tín Lợi,Theo Công văn số 009/TL2025 ngày 21 tháng 7 năm 2025 của Công ty TNHH Xây dựng Thương mại Tín Lợi.,Chưa trích giá (phụ lục là bản scan)
21,BÓNG ĐÈN VÀ PHỤ KIỆN ĐIỆN,21.2,Công ty TNHH Sản xuất-Thương mại Hưng Phú Hải,Theo Công văn số 01/2026HPH/TBG ngày 01 tháng 3 năm 2026 của Công ty TNHH Sản xuất-Thương mại Hưng Phú Hải.,Chưa trích giá (phụ lục là bản scan)
21,BÓNG ĐÈN VÀ PHỤ KIỆN ĐIỆN,21.4,Công ty TNHH Thương mại - Dịch vụ Điện Mạnh Phương,Theo Công văn số 302/MPE-SXD ngày 01 tháng 6 năm 2026 của Công ty TNHH Thương mại - Dịch vụ Điện Mạnh Phương.,Chưa trích giá (phụ lục là bản scan)
22,CỬA,22.1,Công ty Cổ phần Alumin Japan,Theo Công văn số 01/2025/ALMJP-CV ngày 01 tháng 10 năm 2025 của Công ty Cổ phần Alumin Japan.,Chưa trích giá (phụ lục là bản scan)
22,CỬA,22.3,Công ty Cổ phần Thương mại 125,Theo Công văn số 002/vlxd125 ngày 15 tháng 4 năm 2026 của Công ty Cổ phần Thương mại 125.,Chưa trích giá (phụ lục là bản scan)
22,CỬA,22.4,Công ty TNHH Nhôm Nam Sung,Theo Công văn số 0226/2026/NS-CV ngày 26 tháng 02 năm 2026 của Công ty TNHH Nhôm Nam Sung.,Chưa trích giá (phụ lục là bản scan)
23,KÍNH XÂY DỰNG,,(Không có đơn vị tham gia công bố giá),,
24,MÀNG PHẢN QUANG,24.1,Công ty TNHH Đỉnh Phương Nam,Theo Công văn số 01/2026/CV-ĐPN ngày 26 tháng 3 năm 2026 của Công ty TNHH Đỉnh Phương Nam.,Chưa trích giá (phụ lục là bản scan)
25,VẬT LIỆU VÀ CẤU KIỆN KHÁC,25.1,Công ty TNHH Sigen,Theo Công văn số 94/2025/BG/SIGEN ngày 25 tháng 12 năm 2025 của Công ty TNHH Sigen.,Chưa trích giá (phụ lục là bản scan)
25,VẬT LIỆU VÀ CẤU KIỆN KHÁC,25.2,Công ty TNHH GPS Việt Nam,Theo Công văn số 1503/GPS/CV/2026 ngày 15 tháng 3 năm 2026 của Công ty TNHH GPS Việt Nam.,Chưa trích giá (phụ lục là bản scan)
25,VẬT LIỆU VÀ CẤU KIỆN KHÁC,25.4,Công ty Cổ phần BESTMIX,Theo Công văn số BM24410TV/SXD ngày 05 tháng 3 năm 2026 của Công ty Cổ phần BESTMIX.,Chưa trích giá (phụ lục là bản scan)
25,VẬT LIỆU VÀ CẤU KIỆN KHÁC,25.5,Công ty Cổ phần Indecons Vina,Theo Công văn số 27-2026/CV ngày 12 tháng 3 năm 2026 của Công ty Cổ phần Indecons Vina.,Chưa trích giá (phụ lục là bản scan)
