appendix,page,warning
Phụ lục I,137,matrix: no suffix row
Phụ lục I,138,matrix: no suffix row
Phụ lục I,139,matrix: no suffix row
Phụ lục I,140,matrix: no suffix row
Phụ lục I,141,matrix: no suffix row
Phụ lục I,142,matrix: no suffix row
Phụ lục II,357,no suffix row
Phụ lục II,539,"bad number AG.52610 Cần cẩu 63 t Sà lan 600 t '0,577-'"
Phụ lục II,539,"bad number AG.52620 Cần cẩu 63 t Sà lan 600 t '0,6640,664'"
Phụ lục II,540,"bad number AG.52710 Cần cẩu 80 t Sà lan 800 t '0,670-'"
Phụ lục II,540,"bad number AG.52720 Cần cẩu 80 t Sà lan 800 t '0,7710,771'"
Phụ lục II,581,"bad number AI.65321 Cần cẩu 25 t Máy hàn 23 kW '0,2602,000'"
Phụ lục II,581,"bad number AI.65322 Cần cẩu 25 t Máy hàn 23 kW '0,2803,900'"
Phụ lục II,644,bad number AL.19110 Chất tạo màng '20.87'
Phụ lục II,694,no suffix row
Phụ lục II,704,"bad number AN.21101 Nhân công nhóm 2 '1,330,1780,1032'"
Phụ lục II,704,"bad number AN.21102 Nhân công nhóm 2 '1,420,1900,1102'"
Phụ lục II,704,"bad number AN.21103 Nhân công nhóm 2 '1,560,2100,1212'"
Phụ lục II,704,"bad number AN.21104 Nhân công nhóm 2 '1,680,2250,1302'"
Phụ lục II,704,"bad number AN.21105 Nhân công nhóm 2 '1,770,2370,1372'"
Phụ lục II,704,"bad number AN.21106 Nhân công nhóm 2 '1,860,2490,1442'"
Phụ lục II,705,"bad number AN.21201 Nhân công nhóm 2 '1,470,1900,1092'"
Phụ lục II,705,"bad number AN.21202 Nhân công nhóm 2 '1,570,2030,1172'"
Phụ lục II,705,"bad number AN.21203 Nhân công nhóm 2 '1,730,2230,1292'"
Phụ lục II,705,"bad number AN.21204 Nhân công nhóm 2 '1,850,2400,1382'"
Phụ lục II,705,"bad number AN.21205 Nhân công nhóm 2 '1,950,2530,1462'"
Phụ lục II,705,"bad number AN.21206 Nhân công nhóm 2 '2,050,2660,1532'"
Phụ lục II,706,"bad number AN.22101 Nhân công nhóm 2 '4,501,0290,5922'"
Phụ lục II,706,"bad number AN.22102 Nhân công nhóm 2 '5,701,3030,7502'"
Phụ lục II,706,"bad number AN.22103 Nhân công nhóm 2 '7,001,6000,9212'"
Phụ lục II,706,"bad number AN.22104 Nhân công nhóm 2 '8,401,9201,1052'"
Phụ lục II,706,"bad number AN.22105 Nhân công nhóm 2 '9,722,2221,2792'"
Phụ lục II,706,"bad number AN.22106 Nhân công nhóm 2 '11,102,5371,4602'"
Phụ lục II,707,"bad number AN.22201 Nhân công nhóm 2 '4,981,0970,6312'"
Phụ lục II,707,"bad number AN.22202 Nhân công nhóm 2 '6,311,3900,8002'"
Phụ lục II,707,"bad number AN.22203 Nhân công nhóm 2 '7,751,7070,9822'"
Phụ lục II,707,"bad number AN.22204 Nhân công nhóm 2 '9,302,0481,1792'"
Phụ lục II,707,"bad number AN.22205 Nhân công nhóm 2 '10,762,3701,3642'"
Phụ lục II,707,"bad number AN.22206 Nhân công nhóm 2 '12,292,7061,5582'"
Phụ lục II,710,matrix: no suffix row
Phụ lục II,711,matrix: no suffix row
Phụ lục II,712,matrix: no suffix row
Phụ lục II,713,matrix: no suffix row
Phụ lục II,714,matrix: no suffix row
Phụ lục II,715,matrix: no suffix row
Phụ lục II,716,matrix: no suffix row
Phụ lục II,717,matrix: no suffix row
Phụ lục II,718,matrix: no suffix row
Phụ lục II,719,matrix: no suffix row
Phụ lục II,720,matrix: no suffix row
Phụ lục II,721,matrix: no suffix row
Phụ lục II,722,matrix: no suffix row
Phụ lục II,723,matrix: no suffix row
Phụ lục II,724,matrix: no suffix row
Phụ lục II,,duplicate code AF.61711 (kept first occurrence)
Phụ lục II,,duplicate code AF.61712 (kept first occurrence)
Phụ lục II,,duplicate code AF.31310 (kept first occurrence)
Phụ lục III,6,bad number BA.12110 Ống các loại và dây điện 'Thiếtkế'
Phụ lục III,6,bad number BA.12120 Ống các loại và dây điện 'Thiếtkế'
Phụ lục III,6,bad number BA.12130 Ống các loại và dây điện 'Thiếtkế'
Phụ lục III,6,bad number BA.12140 Ống các loại và dây điện 'Thiếtkế'
Phụ lục III,276,matrix: no suffix row
Phụ lục III,277,matrix: no suffix row
Phụ lục III,278,matrix: no suffix row
Phụ lục III,279,matrix: no suffix row
Phụ lục III,280,matrix: no suffix row
Phụ lục III,281,matrix: no suffix row
Phụ lục III,282,matrix: no suffix row
Phụ lục III,283,matrix: no suffix row
Phụ lục III,284,matrix: no suffix row
Phụ lục IV,178,matrix: no suffix row
Phụ lục IV,179,matrix: no suffix row
Phụ lục IV,180,matrix: no suffix row
Phụ lục IV,181,matrix: no suffix row
Phụ lục IV,182,matrix: no suffix row
Phụ lục IV,183,matrix: no suffix row
Phụ lục V,60,"bad number DA.27001 Máy ổn nhiệt Bộ thiết bị thí nghiệm '0,20-'"
Phụ lục V,60,"bad number DA.27002 Máy ổn nhiệt Bộ thiết bị thí nghiệm '0,25-'"
Phụ lục V,60,"bad number DA.27003 Máy ổn nhiệt Bộ thiết bị thí nghiệm '0,25-'"
Phụ lục V,60,bad number DA.27004 Máy ổn nhiệt Bộ thiết bị thí nghiệm '--'
Phụ lục V,143,matrix: no suffix row
Phụ lục V,144,matrix: no suffix row
Phụ lục V,145,matrix: no suffix row
Phụ lục V,146,matrix: no suffix row
Phụ lục VI,181,matrix: no suffix row
Phụ lục VI,182,matrix: no suffix row
